001	
002	
003	
004	
005	
006	
007	
008	
009	
010	
011	
012	
013	
014	
015	
016	
017	
018	
019	
020	
021	J A N UA R Y 2 0 2 7
022	J A N UA R Y 2 0 2 7 OVERVIEW
023	J A N UA R Y 2 0 2 7 REFLECTION
024	J A N UA R Y 2 0 2 7 VISION BOARD
025	J A N UA R Y 2 0 2 7 GOALS
026	J A N UA R Y 2 0 2 7 BUDGET
027	J A N UA R Y 2 0 2 7 BUDGET
028	J A N UA R Y 2 0 2 7 HABIT TRACKER
029	J A N UA R Y 2 0 2 7 HYDRATION TRACKER
030	J A N UA R Y 2 0 2 7 WEEK 1
031	D E CE M B E R 2 0 2 6 28 MONDAY
032	D E CE M B E R 2 0 2 6 29 TUESDAY
033	D E CE M B E R 2 0 2 6 30 WEDNESDAY
034	D E CE M B E R 2 0 2 6 31 THURSDAY
035	J A N UA R Y 2 0 2 7 1 FRIDAY
036	J A N UA R Y 2 0 2 7 2 SATURDAY
037	J A N UA R Y 2 0 2 7 3 SUNDAY
038	J A N UA R Y 2 0 2 7 WEEKLY REFLECTION
039	J A N UA R Y 2 0 2 7 WEEKLY MEAL / GROCERY
040	J A N UA R Y 2 0 2 7 WEEK 2
041	J A N UA R Y 2 0 2 7 4 MONDAY
042	J A N UA R Y 2 0 2 7 5 TUESDAY
043	J A N UA R Y 2 0 2 7 6 WEDNESDAY
044	J A N UA R Y 2 0 2 7 7 THURSDAY
045	J A N UA R Y 2 0 2 7 8 FRIDAY
046	J A N UA R Y 2 0 2 7 9 SATURDAY
047	J A N UA R Y 2 0 2 7 10 SUNDAY
048	J A N UA R Y 2 0 2 7 WEEKLY REFLECTION
049	J A N UA R Y 2 0 2 7 WEEKLY MEAL / GROCERY
050	J A N UA R Y 2 0 2 7 WEEK 3
051	J A N UA R Y 2 0 2 7 11 MONDAY
052	J A N UA R Y 2 0 2 7 12 TUESDAY
053	J A N UA R Y 2 0 2 7 13 WEDNESDAY
054	J A N UA R Y 2 0 2 7 14 THURSDAY
055	J A N UA R Y 2 0 2 7 15 FRIDAY
056	J A N UA R Y 2 0 2 7 16 SATURDAY
057	J A N UA R Y 2 0 2 7 17 SUNDAY
058	J A N UA R Y 2 0 2 7 WEEKLY REFLECTION
059	J A N UA R Y 2 0 2 7 WEEKLY MEAL / GROCERY
060	J A N UA R Y 2 0 2 7 WEEK 4
061	J A N UA R Y 2 0 2 7 18 MONDAY
062	J A N UA R Y 2 0 2 7 19 TUESDAY
063	J A N UA R Y 2 0 2 7 20 WEDNESDAY
064	J A N UA R Y 2 0 2 7 21 THURSDAY
065	J A N UA R Y 2 0 2 7 22 FRIDAY
066	J A N UA R Y 2 0 2 7 23 SATURDAY
067	J A N UA R Y 2 0 2 7 24 SUNDAY
068	J A N UA R Y 2 0 2 7 WEEKLY REFLECTION
069	J A N UA R Y 2 0 2 7 WEEKLY MEAL / GROCERY
070	J A N UA R Y 2 0 2 7 WEEK 5
071	J A N UA R Y 2 0 2 7 25 MONDAY
072	J A N UA R Y 2 0 2 7 26 TUESDAY
073	J A N UA R Y 2 0 2 7 27 WEDNESDAY
074	J A N UA R Y 2 0 2 7 28 THURSDAY
075	J A N UA R Y 2 0 2 7 29 FRIDAY
076	J A N UA R Y 2 0 2 7 30 SATURDAY
077	J A N UA R Y 2 0 2 7 31 SUNDAY
078	J A N UA R Y 2 0 2 7 WEEKLY REFLECTION
079	J A N UA R Y 2 0 2 7 WEEKLY MEAL / GROCERY
080	F E B RUA RY 2 0 2 7
081	F E B RUA RY 2 0 2 7 OVERVIEW
082	F E B RUA RY 2 0 2 7 REFLECTION
083	F E B RUA RY 2 0 2 7 VISION BOARD
084	F E B RUA RY 2 0 2 7 GOALS
085	F E B RUA RY 2 0 2 7 BUDGET
086	F E B RUA RY 2 0 2 7 BUDGET
087	F E B RUA RY 2 0 2 7 HABIT TRACKER
088	F E B RUA RY 2 0 2 7 HYDRATION TRACKER
089	F E B RUA RY 2 0 2 7 WEEK 6
090	F E B RUA RY 2 0 2 7 1 MONDAY
091	F E B RUA RY 2 0 2 7 2 TUESDAY
092	F E B RUA RY 2 0 2 7 3 WEDNESDAY
093	F E B RUA RY 2 0 2 7 4 THURSDAY
094	F E B RUA RY 2 0 2 7 5 FRIDAY
095	F E B RUA RY 2 0 2 7 6 SATURDAY
096	F E B RUA RY 2 0 2 7 7 SUNDAY
097	F E B RUA RY 2 0 2 7 WEEKLY REFLECTION
098	F E B RUA RY 2 0 2 7 WEEKLY MEAL / GROCERY
099	F E B RUA RY 2 0 2 7 WEEK 7
100	F E B RUA RY 2 0 2 7 8 MONDAY
101	F E B RUA RY 2 0 2 7 9 TUESDAY
102	F E B RUA RY 2 0 2 7 10 WEDNESDAY
103	F E B RUA RY 2 0 2 7 11 THURSDAY
104	F E B RUA RY 2 0 2 7 12 FRIDAY
105	F E B RUA RY 2 0 2 7 13 SATURDAY
106	F E B RUA RY 2 0 2 7 14 SUNDAY
107	F E B RUA RY 2 0 2 7 WEEKLY REFLECTION
108	F E B RUA RY 2 0 2 7 WEEKLY MEAL / GROCERY
109	F E B RUA RY 2 0 2 7 WEEK 8
110	F E B RUA RY 2 0 2 7 15 MONDAY
111	F E B RUA RY 2 0 2 7 16 TUESDAY
112	F E B RUA RY 2 0 2 7 17 WEDNESDAY
113	F E B RUA RY 2 0 2 7 18 THURSDAY
114	F E B RUA RY 2 0 2 7 19 FRIDAY
115	F E B RUA RY 2 0 2 7 20 SATURDAY
116	F E B RUA RY 2 0 2 7 21 SUNDAY
117	F E B RUA RY 2 0 2 7 WEEKLY REFLECTION
118	F E B RUA RY 2 0 2 7 WEEKLY MEAL / GROCERY
119	F E B RUA RY 2 0 2 7 WEEK 9
120	F E B RUA RY 2 0 2 7 22 MONDAY
121	F E B RUA RY 2 0 2 7 23 TUESDAY
122	F E B RUA RY 2 0 2 7 24 WEDNESDAY
123	F E B RUA RY 2 0 2 7 25 THURSDAY
124	F E B RUA RY 2 0 2 7 26 FRIDAY
125	F E B RUA RY 2 0 2 7 27 SATURDAY
126	F E B RUA RY 2 0 2 7 28 SUNDAY
127	F E B RUA RY 2 0 2 7 WEEKLY REFLECTION
128	F E B RUA RY 2 0 2 7 WEEKLY MEAL / GROCERY
129	M A R CH 2 0 2 7
130	M A R CH 2 0 2 7 OVERVIEW
131	M A R CH 2 0 2 7 REFLECTION
132	M A R CH 2 0 2 7 VISION BOARD
133	M A R CH 2 0 2 7 GOALS
134	M A R CH 2 0 2 7 BUDGET
135	M A R CH 2 0 2 7 BUDGET
136	M A R CH 2 0 2 7 HABIT TRACKER
137	M A R CH 2 0 2 7 HYDRATION TRACKER
138	M A R CH 2 0 2 7 WEEK 10
139	M A R CH 2 0 2 7 1 MONDAY
140	M A R CH 2 0 2 7 2 TUESDAY
141	M A R CH 2 0 2 7 3 WEDNESDAY
142	M A R CH 2 0 2 7 4 THURSDAY
143	M A R CH 2 0 2 7 5 FRIDAY
144	M A R CH 2 0 2 7 6 SATURDAY
145	M A R CH 2 0 2 7 7 SUNDAY
146	M A R CH 2 0 2 7 WEEKLY REFLECTION
147	M A R CH 2 0 2 7 WEEKLY MEAL / GROCERY
148	M A R CH 2 0 2 7 WEEK 11
149	M A R CH 2 0 2 7 8 MONDAY
150	M A R CH 2 0 2 7 9 TUESDAY
151	M A R CH 2 0 2 7 10 WEDNESDAY
152	M A R CH 2 0 2 7 11 THURSDAY
153	M A R CH 2 0 2 7 12 FRIDAY
154	M A R CH 2 0 2 7 13 SATURDAY
155	M A R CH 2 0 2 7 14 SUNDAY
156	M A R CH 2 0 2 7 WEEKLY REFLECTION
157	M A R CH 2 0 2 7 WEEKLY MEAL / GROCERY
158	M A R CH 2 0 2 7 WEEK 12
159	M A R CH 2 0 2 7 15 MONDAY
160	M A R CH 2 0 2 7 16 TUESDAY
161	M A R CH 2 0 2 7 17 WEDNESDAY
162	M A R CH 2 0 2 7 18 THURSDAY
163	M A R CH 2 0 2 7 19 FRIDAY
164	M A R CH 2 0 2 7 20 SATURDAY
165	M A R CH 2 0 2 7 21 SUNDAY
166	M A R CH 2 0 2 7 WEEKLY REFLECTION
167	M A R CH 2 0 2 7 WEEKLY MEAL / GROCERY
168	M A R CH 2 0 2 7 WEEK 13
169	M A R CH 2 0 2 7 22 MONDAY
170	M A R CH 2 0 2 7 23 TUESDAY
171	M A R CH 2 0 2 7 24 WEDNESDAY
172	M A R CH 2 0 2 7 25 THURSDAY
173	M A R CH 2 0 2 7 26 FRIDAY
174	M A R CH 2 0 2 7 27 SATURDAY
175	M A R CH 2 0 2 7 28 SUNDAY
176	M A R CH 2 0 2 7 WEEKLY REFLECTION
177	M A R CH 2 0 2 7 WEEKLY MEAL / GROCERY
178	M A R CH 2 0 2 7 WEEK 14
179	M A R CH 2 0 2 7 29 MONDAY
180	M A R CH 2 0 2 7 30 TUESDAY
181	M A R CH 2 0 2 7 31 WEDNESDAY
182	M A R CH 2 0 2 7 WEEKLY REFLECTION
183	M A R CH 2 0 2 7 WEEKLY MEAL / GROCERY
184	APRIL 2027
185	A P R I L 2 0 2 7 OVERVIEW
186	A P R I L 2 0 2 7 REFLECTION
187	A P R I L 2 0 2 7 VISION BOARD
188	A P R I L 2 0 2 7 GOALS
189	A P R I L 2 0 2 7 BUDGET
190	A P R I L 2 0 2 7 BUDGET
191	A P R I L 2 0 2 7 HABIT TRACKER
192	A P R I L 2 0 2 7 HYDRATION TRACKER
193	A P R I L 2 0 2 7 WEEK 14
194	A P R I L 2 0 2 7 1 THURSDAY
195	A P R I L 2 0 2 7 2 FRIDAY
196	A P R I L 2 0 2 7 3 SATURDAY
197	A P R I L 2 0 2 7 4 SUNDAY
198	A P R I L 2 0 2 7 WEEKLY REFLECTION
199	A P R I L 2 0 2 7 WEEKLY MEAL / GROCERY
200	A P R I L 2 0 2 7 WEEK 15
201	A P R I L 2 0 2 7 5 MONDAY
202	A P R I L 2 0 2 7 6 TUESDAY
203	A P R I L 2 0 2 7 7 WEDNESDAY
204	A P R I L 2 0 2 7 8 THURSDAY
205	A P R I L 2 0 2 7 9 FRIDAY
206	A P R I L 2 0 2 7 10 SATURDAY
207	A P R I L 2 0 2 7 11 SUNDAY
208	A P R I L 2 0 2 7 WEEKLY REFLECTION
209	A P R I L 2 0 2 7 WEEKLY MEAL / GROCERY
210	A P R I L 2 0 2 7 WEEK 16
211	A P R I L 2 0 2 7 12 MONDAY
212	A P R I L 2 0 2 7 13 TUESDAY
213	A P R I L 2 0 2 7 14 WEDNESDAY
214	A P R I L 2 0 2 7 15 THURSDAY
215	A P R I L 2 0 2 7 16 FRIDAY
216	A P R I L 2 0 2 7 17 SATURDAY
217	A P R I L 2 0 2 7 18 SUNDAY
218	A P R I L 2 0 2 7 WEEKLY REFLECTION
219	A P R I L 2 0 2 7 WEEKLY MEAL / GROCERY
220	A P R I L 2 0 2 7 WEEK 17
221	A P R I L 2 0 2 7 19 MONDAY
222	A P R I L 2 0 2 7 20 TUESDAY
223	A P R I L 2 0 2 7 21 WEDNESDAY
224	A P R I L 2 0 2 7 22 THURSDAY
225	A P R I L 2 0 2 7 23 FRIDAY
226	A P R I L 2 0 2 7 24 SATURDAY
227	A P R I L 2 0 2 7 25 SUNDAY
228	A P R I L 2 0 2 7 WEEKLY REFLECTION
229	A P R I L 2 0 2 7 WEEKLY MEAL / GROCERY
230	A P R I L 2 0 2 7 WEEK 18
231	A P R I L 2 0 2 7 26 MONDAY
232	A P R I L 2 0 2 7 27 TUESDAY
233	A P R I L 2 0 2 7 28 WEDNESDAY
234	A P R I L 2 0 2 7 29 THURSDAY
235	A P R I L 2 0 2 7 30 FRIDAY
236	A P R I L 2 0 2 7 WEEKLY REFLECTION
237	A P R I L 2 0 2 7 WEEKLY MEAL / GROCERY
238	MAY 2027
239	M A Y 2 0 2 7 OVERVIEW
240	M A Y 2 0 2 7 REFLECTION
241	M A Y 2 0 2 7 VISION BOARD
242	M A Y 2 0 2 7 GOALS
243	M A Y 2 0 2 7 BUDGET
244	M A Y 2 0 2 7 BUDGET
245	M A Y 2 0 2 7 HABIT TRACKER
246	M A Y 2 0 2 7 HYDRATION TRACKER
247	M A Y 2 0 2 7 WEEK 18
248	M A Y 2 0 2 7 1 SATURDAY
249	M A Y 2 0 2 7 2 SUNDAY
250	M A Y 2 0 2 7 WEEKLY REFLECTION
251	M A Y 2 0 2 7 WEEKLY MEAL / GROCERY
252	M A Y 2 0 2 7 WEEK 19
253	M A Y 2 0 2 7 3 MONDAY
254	M A Y 2 0 2 7 4 TUESDAY
255	M A Y 2 0 2 7 5 WEDNESDAY
256	M A Y 2 0 2 7 6 THURSDAY
257	M A Y 2 0 2 7 7 FRIDAY
258	M A Y 2 0 2 7 8 SATURDAY
259	M A Y 2 0 2 7 9 SUNDAY
260	M A Y 2 0 2 7 WEEKLY REFLECTION
261	M A Y 2 0 2 7 WEEKLY MEAL / GROCERY
262	M A Y 2 0 2 7 WEEK 20
263	M A Y 2 0 2 7 10 MONDAY
264	M A Y 2 0 2 7 11 TUESDAY
265	M A Y 2 0 2 7 12 WEDNESDAY
266	M A Y 2 0 2 7 13 THURSDAY
267	M A Y 2 0 2 7 14 FRIDAY
268	M A Y 2 0 2 7 15 SATURDAY
269	M A Y 2 0 2 7 16 SUNDAY
270	M A Y 2 0 2 7 WEEKLY REFLECTION
271	M A Y 2 0 2 7 WEEKLY MEAL / GROCERY
272	M A Y 2 0 2 7 WEEK 21
273	M A Y 2 0 2 7 17 MONDAY
274	M A Y 2 0 2 7 18 TUESDAY
275	M A Y 2 0 2 7 19 WEDNESDAY
276	M A Y 2 0 2 7 20 THURSDAY
277	M A Y 2 0 2 7 21 FRIDAY
278	M A Y 2 0 2 7 22 SATURDAY
279	M A Y 2 0 2 7 23 SUNDAY
280	M A Y 2 0 2 7 WEEKLY REFLECTION
281	M A Y 2 0 2 7 WEEKLY MEAL / GROCERY
282	M A Y 2 0 2 7 WEEK 22
283	M A Y 2 0 2 7 24 MONDAY
284	M A Y 2 0 2 7 25 TUESDAY
285	M A Y 2 0 2 7 26 WEDNESDAY
286	M A Y 2 0 2 7 27 THURSDAY
287	M A Y 2 0 2 7 28 FRIDAY
288	M A Y 2 0 2 7 29 SATURDAY
289	M A Y 2 0 2 7 30 SUNDAY
290	M A Y 2 0 2 7 WEEKLY REFLECTION
291	M A Y 2 0 2 7 WEEKLY MEAL / GROCERY
292	M A Y 2 0 2 7 WEEK 23
293	M A Y 2 0 2 7 31 MONDAY
294	M A Y 2 0 2 7 WEEKLY REFLECTION
295	M A Y 2 0 2 7 WEEKLY MEAL / GROCERY
296	J UN E 2 0 2 7
297	J UN E 2 0 2 7 OVERVIEW
298	J UN E 2 0 2 7 REFLECTION
299	J UN E 2 0 2 7 VISION BOARD
300	J UN E 2 0 2 7 GOALS
301	J UN E 2 0 2 7 BUDGET
302	J UN E 2 0 2 7 BUDGET
303	J UN E 2 0 2 7 HABIT TRACKER
304	J UN E 2 0 2 7 HYDRATION TRACKER
305	J UN E 2 0 2 7 WEEK 23
306	J UN E 2 0 2 7 1 TUESDAY
307	J UN E 2 0 2 7 2 WEDNESDAY
308	J UN E 2 0 2 7 3 THURSDAY
309	J UN E 2 0 2 7 4 FRIDAY
310	J UN E 2 0 2 7 5 SATURDAY
311	J UN E 2 0 2 7 6 SUNDAY
312	J UN E 2 0 2 7 WEEKLY REFLECTION
313	J UN E 2 0 2 7 WEEKLY MEAL / GROCERY
314	J UN E 2 0 2 7 WEEK 24
315	J UN E 2 0 2 7 7 MONDAY
316	J UN E 2 0 2 7 8 TUESDAY
317	J UN E 2 0 2 7 9 WEDNESDAY
318	J UN E 2 0 2 7 10 THURSDAY
319	J UN E 2 0 2 7 11 FRIDAY
320	J UN E 2 0 2 7 12 SATURDAY
321	J UN E 2 0 2 7 13 SUNDAY
322	J UN E 2 0 2 7 WEEKLY REFLECTION
323	J UN E 2 0 2 7 WEEKLY MEAL / GROCERY
324	J UN E 2 0 2 7 WEEK 25
325	J UN E 2 0 2 7 14 MONDAY
326	J UN E 2 0 2 7 15 TUESDAY
327	J UN E 2 0 2 7 16 WEDNESDAY
328	J UN E 2 0 2 7 17 THURSDAY
329	J UN E 2 0 2 7 18 FRIDAY
330	J UN E 2 0 2 7 19 SATURDAY
331	J UN E 2 0 2 7 20 SUNDAY
332	J UN E 2 0 2 7 WEEKLY REFLECTION
333	J UN E 2 0 2 7 WEEKLY MEAL / GROCERY
334	J UN E 2 0 2 7 WEEK 26
335	J UN E 2 0 2 7 21 MONDAY
336	J UN E 2 0 2 7 22 TUESDAY
337	J UN E 2 0 2 7 23 WEDNESDAY
338	J UN E 2 0 2 7 24 THURSDAY
339	J UN E 2 0 2 7 25 FRIDAY
340	J UN E 2 0 2 7 26 SATURDAY
341	J UN E 2 0 2 7 27 SUNDAY
342	J UN E 2 0 2 7 WEEKLY REFLECTION
343	J UN E 2 0 2 7 WEEKLY MEAL / GROCERY
344	J UN E 2 0 2 7 WEEK 27
345	J UN E 2 0 2 7 28 MONDAY
346	J UN E 2 0 2 7 29 TUESDAY
347	J UN E 2 0 2 7 30 WEDNESDAY
348	J UN E 2 0 2 7 WEEKLY REFLECTION
349	J UN E 2 0 2 7 WEEKLY MEAL / GROCERY
350	J UL Y 2 0 2 7
351	J UL Y 2 0 2 7 OVERVIEW
352	J UL Y 2 0 2 7 REFLECTION
353	J UL Y 2 0 2 7 VISION BOARD
354	J UL Y 2 0 2 7 GOALS
355	J UL Y 2 0 2 7 BUDGET
356	J UL Y 2 0 2 7 BUDGET
357	J UL Y 2 0 2 7 HABIT TRACKER
358	J UL Y 2 0 2 7 HYDRATION TRACKER
359	J UL Y 2 0 2 7 WEEK 27
360	J UL Y 2 0 2 7 1 THURSDAY
361	J UL Y 2 0 2 7 2 FRIDAY
362	J UL Y 2 0 2 7 3 SATURDAY
363	J UL Y 2 0 2 7 4 SUNDAY
364	J UL Y 2 0 2 7 WEEKLY REFLECTION
365	J UL Y 2 0 2 7 WEEKLY MEAL / GROCERY
366	J UL Y 2 0 2 7 WEEK 28
367	J UL Y 2 0 2 7 5 MONDAY
368	J UL Y 2 0 2 7 6 TUESDAY
369	J UL Y 2 0 2 7 7 WEDNESDAY
370	J UL Y 2 0 2 7 8 THURSDAY
371	J UL Y 2 0 2 7 9 FRIDAY
372	J UL Y 2 0 2 7 10 SATURDAY
373	J UL Y 2 0 2 7 11 SUNDAY
374	J UL Y 2 0 2 7 WEEKLY REFLECTION
375	J UL Y 2 0 2 7 WEEKLY MEAL / GROCERY
376	J UL Y 2 0 2 7 WEEK 29
377	J UL Y 2 0 2 7 12 MONDAY
378	J UL Y 2 0 2 7 13 TUESDAY
379	J UL Y 2 0 2 7 14 WEDNESDAY
380	J UL Y 2 0 2 7 15 THURSDAY
381	J UL Y 2 0 2 7 16 FRIDAY
382	J UL Y 2 0 2 7 17 SATURDAY
383	J UL Y 2 0 2 7 18 SUNDAY
384	J UL Y 2 0 2 7 WEEKLY REFLECTION
385	J UL Y 2 0 2 7 WEEKLY MEAL / GROCERY
386	J UL Y 2 0 2 7 WEEK 30
387	J UL Y 2 0 2 7 19 MONDAY
388	J UL Y 2 0 2 7 20 TUESDAY
389	J UL Y 2 0 2 7 21 WEDNESDAY
390	J UL Y 2 0 2 7 22 THURSDAY
391	J UL Y 2 0 2 7 23 FRIDAY
392	J UL Y 2 0 2 7 24 SATURDAY
393	J UL Y 2 0 2 7 25 SUNDAY
394	J UL Y 2 0 2 7 WEEKLY REFLECTION
395	J UL Y 2 0 2 7 WEEKLY MEAL / GROCERY
396	J UL Y 2 0 2 7 WEEK 31
397	J UL Y 2 0 2 7 26 MONDAY
398	J UL Y 2 0 2 7 27 TUESDAY
399	J UL Y 2 0 2 7 28 WEDNESDAY
400	J UL Y 2 0 2 7 29 THURSDAY
401	J UL Y 2 0 2 7 30 FRIDAY
402	J UL Y 2 0 2 7 31 SATURDAY
403	J UL Y 2 0 2 7 WEEKLY REFLECTION
404	J UL Y 2 0 2 7 WEEKLY MEAL / GROCERY
405	A UGUS T 2 0 2 7
406	A UGUS T 2 0 2 7 OVERVIEW
407	A UGUS T 2 0 2 7 REFLECTION
408	A UGUS T 2 0 2 7 VISION BOARD
409	A UGUS T 2 0 2 7 GOALS
410	A UGUS T 2 0 2 7 BUDGET
411	A UGUS T 2 0 2 7 BUDGET
412	A UGUS T 2 0 2 7 HABIT TRACKER
413	A UGUS T 2 0 2 7 HYDRATION TRACKER
414	A UGUS T 2 0 2 7 WEEK 31
415	A UGUS T 2 0 2 7 1 SUNDAY
416	A UGUS T 2 0 2 7 WEEKLY REFLECTION
417	A UGUS T 2 0 2 7 WEEKLY MEAL / GROCERY
418	A UGUS T 2 0 2 7 WEEK 32
419	A UGUS T 2 0 2 7 2 MONDAY
420	A UGUS T 2 0 2 7 3 TUESDAY
421	A UGUS T 2 0 2 7 4 WEDNESDAY
422	A UGUS T 2 0 2 7 5 THURSDAY
423	A UGUS T 2 0 2 7 6 FRIDAY
424	A UGUS T 2 0 2 7 7 SATURDAY
425	A UGUS T 2 0 2 7 8 SUNDAY
426	A UGUS T 2 0 2 7 WEEKLY REFLECTION
427	A UGUS T 2 0 2 7 WEEKLY MEAL / GROCERY
428	A UGUS T 2 0 2 7 WEEK 33
429	A UGUS T 2 0 2 7 9 MONDAY
430	A UGUS T 2 0 2 7 10 TUESDAY
431	A UGUS T 2 0 2 7 11 WEDNESDAY
432	A UGUS T 2 0 2 7 12 THURSDAY
433	A UGUS T 2 0 2 7 13 FRIDAY
434	A UGUS T 2 0 2 7 14 SATURDAY
435	A UGUS T 2 0 2 7 15 SUNDAY
436	A UGUS T 2 0 2 7 WEEKLY REFLECTION
437	A UGUS T 2 0 2 7 WEEKLY MEAL / GROCERY
438	A UGUS T 2 0 2 7 WEEK 34
439	A UGUS T 2 0 2 7 16 MONDAY
440	A UGUS T 2 0 2 7 17 TUESDAY
441	A UGUS T 2 0 2 7 18 WEDNESDAY
442	A UGUS T 2 0 2 7 19 THURSDAY
443	A UGUS T 2 0 2 7 20 FRIDAY
444	A UGUS T 2 0 2 7 21 SATURDAY
445	A UGUS T 2 0 2 7 22 SUNDAY
446	A UGUS T 2 0 2 7 WEEKLY REFLECTION
447	A UGUS T 2 0 2 7 WEEKLY MEAL / GROCERY
448	A UGUS T 2 0 2 7 WEEK 35
449	A UGUS T 2 0 2 7 23 MONDAY
450	A UGUS T 2 0 2 7 24 TUESDAY
451	A UGUS T 2 0 2 7 25 WEDNESDAY
452	A UGUS T 2 0 2 7 26 THURSDAY
453	A UGUS T 2 0 2 7 27 FRIDAY
454	A UGUS T 2 0 2 7 28 SATURDAY
455	A UGUS T 2 0 2 7 29 SUNDAY
456	A UGUS T 2 0 2 7 WEEKLY REFLECTION
457	A UGUS T 2 0 2 7 WEEKLY MEAL / GROCERY
458	A UGUS T 2 0 2 7 WEEK 36
459	A UGUS T 2 0 2 7 30 MONDAY
460	A UGUS T 2 0 2 7 31 TUESDAY
461	A UGUS T 2 0 2 7 WEEKLY REFLECTION
462	A UGUS T 2 0 2 7 WEEKLY MEAL / GROCERY
463	S E P TE M BER 2 0 2 7
464	S E P TE M BER 2 0 2 7 OVERVIEW
465	S E P TE M BER 2 0 2 7 REFLECTION
466	S E P TE M BER 2 0 2 7 VISION BOARD
467	S E P TE M BER 2 0 2 7 GOALS
468	S E P TE M BER 2 0 2 7 BUDGET
469	S E P TE M BER 2 0 2 7 BUDGET
470	S E P TE M BER 2 0 2 7 HABIT TRACKER
471	S E P TE M BER 2 0 2 7 HYDRATION TRACKER
472	S E P TE M BER 2 0 2 7 WEEK 36
473	S E P TE M BER 2 0 2 7 1 WEDNESDAY
474	S E P TE M BER 2 0 2 7 2 THURSDAY
475	S E P TE M BER 2 0 2 7 3 FRIDAY
476	S E P TE M BER 2 0 2 7 4 SATURDAY
477	S E P TE M BER 2 0 2 7 5 SUNDAY
478	S E P TE M BER 2 0 2 7 WEEKLY REFLECTION
479	S E P TE M BER 2 0 2 7 WEEKLY MEAL / GROCERY
480	S E P TE M BER 2 0 2 7 WEEK 37
481	S E P TE M BER 2 0 2 7 6 MONDAY
482	S E P TE M BER 2 0 2 7 7 TUESDAY
483	S E P TE M BER 2 0 2 7 8 WEDNESDAY
484	S E P TE M BER 2 0 2 7 9 THURSDAY
485	S E P TE M BER 2 0 2 7 10 FRIDAY
486	S E P TE M BER 2 0 2 7 11 SATURDAY
487	S E P TE M BER 2 0 2 7 12 SUNDAY
488	S E P TE M BER 2 0 2 7 WEEKLY REFLECTION
489	S E P TE M BER 2 0 2 7 WEEKLY MEAL / GROCERY
490	S E P TE M BER 2 0 2 7 WEEK 38
491	S E P TE M BER 2 0 2 7 13 MONDAY
492	S E P TE M BER 2 0 2 7 14 TUESDAY
493	S E P TE M BER 2 0 2 7 15 WEDNESDAY
494	S E P TE M BER 2 0 2 7 16 THURSDAY
495	S E P TE M BER 2 0 2 7 17 FRIDAY
496	S E P TE M BER 2 0 2 7 18 SATURDAY
497	S E P TE M BER 2 0 2 7 19 SUNDAY
498	S E P TE M BER 2 0 2 7 WEEKLY REFLECTION
499	S E P TE M BER 2 0 2 7 WEEKLY MEAL / GROCERY
500	S E P TE M BER 2 0 2 7 WEEK 39
501	S E P TE M BER 2 0 2 7 20 MONDAY
502	S E P TE M BER 2 0 2 7 21 TUESDAY
503	S E P TE M BER 2 0 2 7 22 WEDNESDAY
504	S E P TE M BER 2 0 2 7 23 THURSDAY
505	S E P TE M BER 2 0 2 7 24 FRIDAY
506	S E P TE M BER 2 0 2 7 25 SATURDAY
507	S E P TE M BER 2 0 2 7 26 SUNDAY
508	S E P TE M BER 2 0 2 7 WEEKLY REFLECTION
509	S E P TE M BER 2 0 2 7 WEEKLY MEAL / GROCERY
510	S E P TE M BER 2 0 2 7 WEEK 40
511	S E P TE M BER 2 0 2 7 27 MONDAY
512	S E P TE M BER 2 0 2 7 28 TUESDAY
513	S E P TE M BER 2 0 2 7 29 WEDNESDAY
514	S E P TE M BER 2 0 2 7 30 THURSDAY
515	S E P TE M BER 2 0 2 7 WEEKLY REFLECTION
516	S E P TE M BER 2 0 2 7 WEEKLY MEAL / GROCERY
517	O CTO B E R 2 0 2 7
518	O CTO B E R 2 0 2 7 OVERVIEW
519	O CTO B E R 2 0 2 7 REFLECTION
520	O CTO B E R 2 0 2 7 VISION BOARD
521	O CTO B E R 2 0 2 7 GOALS
522	O CTO B E R 2 0 2 7 BUDGET
523	O CTO B E R 2 0 2 7 BUDGET
524	O CTO B E R 2 0 2 7 HABIT TRACKER
525	O CTO B E R 2 0 2 7 HYDRATION TRACKER
526	O CTO B E R 2 0 2 7 WEEK 40
527	O CTO B E R 2 0 2 7 1 FRIDAY
528	O CTO B E R 2 0 2 7 2 SATURDAY
529	O CTO B E R 2 0 2 7 3 SUNDAY
530	O CTO B E R 2 0 2 7 WEEKLY REFLECTION
531	O CTO B E R 2 0 2 7 WEEKLY MEAL / GROCERY
532	O CTO B E R 2 0 2 7 WEEK 41
533	O CTO B E R 2 0 2 7 4 MONDAY
534	O CTO B E R 2 0 2 7 5 TUESDAY
535	O CTO B E R 2 0 2 7 6 WEDNESDAY
536	O CTO B E R 2 0 2 7 7 THURSDAY
537	O CTO B E R 2 0 2 7 8 FRIDAY
538	O CTO B E R 2 0 2 7 9 SATURDAY
539	O CTO B E R 2 0 2 7 10 SUNDAY
540	O CTO B E R 2 0 2 7 WEEKLY REFLECTION
541	O CTO B E R 2 0 2 7 WEEKLY MEAL / GROCERY
542	O CTO B E R 2 0 2 7 WEEK 42
543	O CTO B E R 2 0 2 7 11 MONDAY
544	O CTO B E R 2 0 2 7 12 TUESDAY
545	O CTO B E R 2 0 2 7 13 WEDNESDAY
546	O CTO B E R 2 0 2 7 14 THURSDAY
547	O CTO B E R 2 0 2 7 15 FRIDAY
548	O CTO B E R 2 0 2 7 16 SATURDAY
549	O CTO B E R 2 0 2 7 17 SUNDAY
550	O CTO B E R 2 0 2 7 WEEKLY REFLECTION
551	O CTO B E R 2 0 2 7 WEEKLY MEAL / GROCERY
552	O CTO B E R 2 0 2 7 WEEK 43
553	O CTO B E R 2 0 2 7 18 MONDAY
554	O CTO B E R 2 0 2 7 19 TUESDAY
555	O CTO B E R 2 0 2 7 20 WEDNESDAY
556	O CTO B E R 2 0 2 7 21 THURSDAY
557	O CTO B E R 2 0 2 7 22 FRIDAY
558	O CTO B E R 2 0 2 7 23 SATURDAY
559	O CTO B E R 2 0 2 7 24 SUNDAY
560	O CTO B E R 2 0 2 7 WEEKLY REFLECTION
561	O CTO B E R 2 0 2 7 WEEKLY MEAL / GROCERY
562	O CTO B E R 2 0 2 7 WEEK 44
563	O CTO B E R 2 0 2 7 25 MONDAY
564	O CTO B E R 2 0 2 7 26 TUESDAY
565	O CTO B E R 2 0 2 7 27 WEDNESDAY
566	O CTO B E R 2 0 2 7 28 THURSDAY
567	O CTO B E R 2 0 2 7 29 FRIDAY
568	O CTO B E R 2 0 2 7 30 SATURDAY
569	O CTO B E R 2 0 2 7 31 SUNDAY
570	O CTO B E R 2 0 2 7 WEEKLY REFLECTION
571	O CTO B E R 2 0 2 7 WEEKLY MEAL / GROCERY
572	N O V E M BE R 2 0 2 7
573	N O V E M BE R 2 0 2 7 OVERVIEW
574	N O V E M BE R 2 0 2 7 REFLECTION
575	N O V E M BE R 2 0 2 7 VISION BOARD
576	N O V E M BE R 2 0 2 7 GOALS
577	N O V E M BE R 2 0 2 7 BUDGET
578	N O V E M BE R 2 0 2 7 BUDGET
579	N O V E M BE R 2 0 2 7 HABIT TRACKER
580	N O V E M BE R 2 0 2 7 HYDRATION TRACKER
581	N O V E M BE R 2 0 2 7 WEEK 45
582	N O V E M BE R 2 0 2 7 1 MONDAY
583	N O V E M BE R 2 0 2 7 2 TUESDAY
584	N O V E M BE R 2 0 2 7 3 WEDNESDAY
585	N O V E M BE R 2 0 2 7 4 THURSDAY
586	N O V E M BE R 2 0 2 7 5 FRIDAY
587	N O V E M BE R 2 0 2 7 6 SATURDAY
588	N O V E M BE R 2 0 2 7 7 SUNDAY
589	N O V E M BE R 2 0 2 7 WEEKLY REFLECTION
590	N O V E M BE R 2 0 2 7 WEEKLY MEAL / GROCERY
591	N O V E M BE R 2 0 2 7 WEEK 46
592	N O V E M BE R 2 0 2 7 8 MONDAY
593	N O V E M BE R 2 0 2 7 9 TUESDAY
594	N O V E M BE R 2 0 2 7 10 WEDNESDAY
595	N O V E M BE R 2 0 2 7 11 THURSDAY
596	N O V E M BE R 2 0 2 7 12 FRIDAY
597	N O V E M BE R 2 0 2 7 13 SATURDAY
598	N O V E M BE R 2 0 2 7 14 SUNDAY
599	N O V E M BE R 2 0 2 7 WEEKLY REFLECTION
600	N O V E M BE R 2 0 2 7 WEEKLY MEAL / GROCERY
601	N O V E M BE R 2 0 2 7 WEEK 47
602	N O V E M BE R 2 0 2 7 15 MONDAY
603	N O V E M BE R 2 0 2 7 16 TUESDAY
604	N O V E M BE R 2 0 2 7 17 WEDNESDAY
605	N O V E M BE R 2 0 2 7 18 THURSDAY
606	N O V E M BE R 2 0 2 7 19 FRIDAY
607	N O V E M BE R 2 0 2 7 20 SATURDAY
608	N O V E M BE R 2 0 2 7 21 SUNDAY
609	N O V E M BE R 2 0 2 7 WEEKLY REFLECTION
610	N O V E M BE R 2 0 2 7 WEEKLY MEAL / GROCERY
611	N O V E M BE R 2 0 2 7 WEEK 48
612	N O V E M BE R 2 0 2 7 22 MONDAY
613	N O V E M BE R 2 0 2 7 23 TUESDAY
614	N O V E M BE R 2 0 2 7 24 WEDNESDAY
615	N O V E M BE R 2 0 2 7 25 THURSDAY
616	N O V E M BE R 2 0 2 7 26 FRIDAY
617	N O V E M BE R 2 0 2 7 27 SATURDAY
618	N O V E M BE R 2 0 2 7 28 SUNDAY
619	N O V E M BE R 2 0 2 7 WEEKLY REFLECTION
620	N O V E M BE R 2 0 2 7 WEEKLY MEAL / GROCERY
621	N O V E M BE R 2 0 2 7 WEEK 49
622	N O V E M BE R 2 0 2 7 29 MONDAY
623	N O V E M BE R 2 0 2 7 30 TUESDAY
624	N O V E M BE R 2 0 2 7 WEEKLY REFLECTION
625	N O V E M BE R 2 0 2 7 WEEKLY MEAL / GROCERY
626	D E CE M B E R 2 0 2 7
627	D E CE M B E R 2 0 2 7 OVERVIEW
628	D E CE M B E R 2 0 2 7 REFLECTION
629	D E CE M B E R 2 0 2 7 VISION BOARD
630	D E CE M B E R 2 0 2 7 GOALS
631	D E CE M B E R 2 0 2 7 BUDGET
632	D E CE M B E R 2 0 2 7 BUDGET
633	D E CE M B E R 2 0 2 7 HABIT TRACKER
634	D E CE M B E R 2 0 2 7 HYDRATION TRACKER
635	D E CE M B E R 2 0 2 7 WEEK 49
636	D E CE M B E R 2 0 2 7 1 WEDNESDAY
637	D E CE M B E R 2 0 2 7 2 THURSDAY
638	D E CE M B E R 2 0 2 7 3 FRIDAY
639	D E CE M B E R 2 0 2 7 4 SATURDAY
640	D E CE M B E R 2 0 2 7 5 SUNDAY
641	D E CE M B E R 2 0 2 7 WEEKLY REFLECTION
642	D E CE M B E R 2 0 2 7 WEEKLY MEAL / GROCERY
643	D E CE M B E R 2 0 2 7 WEEK 50
644	D E CE M B E R 2 0 2 7 6 MONDAY
645	D E CE M B E R 2 0 2 7 7 TUESDAY
646	D E CE M B E R 2 0 2 7 8 WEDNESDAY
647	D E CE M B E R 2 0 2 7 9 THURSDAY
648	D E CE M B E R 2 0 2 7 10 FRIDAY
649	D E CE M B E R 2 0 2 7 11 SATURDAY
650	D E CE M B E R 2 0 2 7 12 SUNDAY
651	D E CE M B E R 2 0 2 7 WEEKLY REFLECTION
652	D E CE M B E R 2 0 2 7 WEEKLY MEAL / GROCERY
653	D E CE M B E R 2 0 2 7 WEEK 51
654	D E CE M B E R 2 0 2 7 13 MONDAY
655	D E CE M B E R 2 0 2 7 14 TUESDAY
656	D E CE M B E R 2 0 2 7 15 WEDNESDAY
657	D E CE M B E R 2 0 2 7 16 THURSDAY
658	D E CE M B E R 2 0 2 7 17 FRIDAY
659	D E CE M B E R 2 0 2 7 18 SATURDAY
660	D E CE M B E R 2 0 2 7 19 SUNDAY
661	D E CE M B E R 2 0 2 7 WEEKLY REFLECTION
662	D E CE M B E R 2 0 2 7 WEEKLY MEAL / GROCERY
663	D E CE M B E R 2 0 2 7 WEEK 52
664	D E CE M B E R 2 0 2 7 20 MONDAY
665	D E CE M B E R 2 0 2 7 21 TUESDAY
666	D E CE M B E R 2 0 2 7 22 WEDNESDAY
667	D E CE M B E R 2 0 2 7 23 THURSDAY
668	D E CE M B E R 2 0 2 7 24 FRIDAY
669	D E CE M B E R 2 0 2 7 25 SATURDAY
670	D E CE M B E R 2 0 2 7 26 SUNDAY
671	D E CE M B E R 2 0 2 7 WEEKLY REFLECTION
672	D E CE M B E R 2 0 2 7 WEEKLY MEAL / GROCERY
673	D E CE M B E R 2 0 2 7 WEEK 53
674	D E CE M B E R 2 0 2 7 27 MONDAY
675	D E CE M B E R 2 0 2 7 28 TUESDAY
676	D E CE M B E R 2 0 2 7 29 WEDNESDAY
677	D E CE M B E R 2 0 2 7 30 THURSDAY
678	D E CE M B E R 2 0 2 7 31 FRIDAY
679	J A N UA R Y 2 0 2 8 1 SATURDAY
680	J A N UA R Y 2 0 2 8 2 SUNDAY
681	D E CE M B E R 2 0 2 7 WEEKLY REFLECTION
682	D E CE M B E R 2 0 2 7 WEEKLY MEAL / GROCERY
683	
684	
685	
686	
687	
688	
689	
690	
691	
692	
693	
694	
695	
696	
697	
698	
699	
700	
701	
702	
703	
704	
705	
706	
707	
708	
709	
710	
711	
712	
713	
714	
715	
716	
717	
718	
719	
720	
721	
722	
723	
724	
725	
726	
727	
728	
729	
730	
731	
732	
733	
734	
735	
736	
737	
738	
739	
740	R E CI P E 1
741	R E CI P E 2
742	R E CI P E 3
743	R E CI P E 4
744	R E CI P E 5
745	R E CI P E 6
746	R E CI P E 7
747	R E CI P E 8
748	R E CI P E 9
749	R E CI P E 1 0
750	R E CI P E 1 1
751	R E CI P E 1 2
752	
753	
754	
755	
756	
757	
758	
759	
760	
761	
762	
763	
764	
765	
766	
767	
768	
769	
770	
771	
772	
773	
774	
775	
776	
777	
778	
779	
780	
781	
782	
783	
784	
785	
786	
787	
788	
789	
790	
791	
792	
793	
794	
795	
796	
797	
798	
799	
800	
801	
802	
803	
804	
805	
806	
807	
808	
809	
810	
811	
